﻿{"data":[{"Properties":{"domain":"TIMELAPSE.HTB","name":"POLICYTEMPLATE@TIMELAPSE.HTB","distinguishedname":"CN=POLICYTEMPLATE,CN=WMIPOLICY,CN=SYSTEM,DC=TIMELAPSE,DC=HTB","domainsid":"S-1-5-21-671920749-559770252-3318990721","highvalue":false},"ChildObjects":[],"Aces":[{"PrincipalSID":"S-1-5-21-671920749-559770252-3318990721-512","PrincipalType":"Group","RightName":"Owns","IsInherited":false},{"PrincipalSID":"S-1-5-21-671920749-559770252-3318990721-512","PrincipalType":"Group","RightName":"WriteDacl","IsInherited":false},{"PrincipalSID":"S-1-5-21-671920749-559770252-3318990721-512","PrincipalType":"Group","RightName":"WriteOwner","IsInherited":false},{"PrincipalSID":"S-1-5-21-671920749-559770252-3318990721-519","PrincipalType":"Group","RightName":"GenericAll","IsInherited":true},{"PrincipalSID":"S-1-5-21-671920749-559770252-3318990721-512","PrincipalType":"Group","RightName":"GenericAll","IsInherited":true}],"ObjectIdentifier":"6644E1F9-14EA-43C7-970B-9008C624B56F","IsDeleted":false,"IsACLProtected":false},{"Properties":{"domain":"TIMELAPSE.HTB","name":"POLICYTYPE@TIMELAPSE.HTB","distinguishedname":"CN=POLICYTYPE,CN=WMIPOLICY,CN=SYSTEM,DC=TIMELAPSE,DC=HTB","domainsid":"S-1-5-21-671920749-559770252-3318990721","highvalue":false},"ChildObjects":[],"Aces":[{"PrincipalSID":"S-1-5-21-671920749-559770252-3318990721-512","PrincipalType":"Group","RightName":"Owns","IsInherited":false},{"PrincipalSID":"S-1-5-21-671920749-559770252-3318990721-512","PrincipalType":"Group","RightName":"WriteDacl","IsInherited":false},{"PrincipalSID":"S-1-5-21-671920749-559770252-3318990721-512","PrincipalType":"Group","RightName":"WriteOwner","IsInherited":false},{"PrincipalSID":"S-1-5-21-671920749-559770252-3318990721-519","PrincipalType":"Group","RightName":"GenericAll","IsInherited":true},{"PrincipalSID":"S-1-5-21-671920749-559770252-3318990721-512","PrincipalType":"Group","RightName":"GenericAll","IsInherited":true}],"ObjectIdentifier":"1204E436-18A8-4E18-87E0-740490C8D502","IsDeleted":false,"IsACLProtected":false},{"Properties":{"domain":"TIMELAPSE.HTB","name":"ADMINSDHOLDER@TIMELAPSE.HTB","distinguishedname":"CN=ADMINSDHOLDER,CN=SYSTEM,DC=TIMELAPSE,DC=HTB","domainsid":"S-1-5-21-671920749-559770252-3318990721","highvalue":false},"ChildObjects":[],"Aces":[{"PrincipalSID":"S-1-5-21-671920749-559770252-3318990721-512","PrincipalType":"Group","RightName":"Owns","IsInherited":false},{"PrincipalSID":"TIMELAPSE.HTB-S-1-5-32-544","PrincipalType":"Group","RightName":"WriteDacl","IsInherited":false},{"PrincipalSID":"TIMELAPSE.HTB-S-1-5-32-544","PrincipalType":"Group","RightName":"WriteOwner","IsInherited":false},{"PrincipalSID":"S-1-5-21-671920749-559770252-3318990721-512","PrincipalType":"Group","RightName":"WriteDacl","IsInherited":false},{"PrincipalSID":"S-1-5-21-671920749-559770252-3318990721-512","PrincipalType":"Group","RightName":"WriteOwner","IsInherited":false},{"PrincipalSID":"S-1-5-21-671920749-559770252-3318990721-519","PrincipalType":"Group","RightName":"WriteDacl","IsInherited":false},{"PrincipalSID":"S-1-5-21-671920749-559770252-3318990721-519","PrincipalType":"Group","RightName":"WriteOwner","IsInherited":false}],"ObjectIdentifier":"FA58DCB9-805D-4891-9B4E-CA4AC113D10F","IsDeleted":false,"IsACLProtected":true},{"Properties":{"domain":"TIMELAPSE.HTB","name":"WMIGPO@TIMELAPSE.HTB","distinguishedname":"CN=WMIGPO,CN=WMIPOLICY,CN=SYSTEM,DC=TIMELAPSE,DC=HTB","domainsid":"S-1-5-21-671920749-559770252-3318990721","highvalue":false},"ChildObjects":[],"Aces":[{"PrincipalSID":"S-1-5-21-671920749-559770252-3318990721-512","PrincipalType":"Group","RightName":"Owns","IsInherited":false},{"PrincipalSID":"S-1-5-21-671920749-559770252-3318990721-512","PrincipalType":"Group","RightName":"WriteDacl","IsInherited":false},{"PrincipalSID":"S-1-5-21-671920749-559770252-3318990721-512","PrincipalType":"Group","RightName":"WriteOwner","IsInherited":false},{"PrincipalSID":"S-1-5-21-671920749-559770252-3318990721-519","PrincipalType":"Group","RightName":"GenericAll","IsInherited":true},{"PrincipalSID":"S-1-5-21-671920749-559770252-3318990721-512","PrincipalType":"Group","RightName":"GenericAll","IsInherited":true}],"ObjectIdentifier":"544B2A33-8C48-4189-A993-B3D95C186FDD","IsDeleted":false,"IsACLProtected":false},{"Properties":{"domain":"TIMELAPSE.HTB","name":"SOM@TIMELAPSE.HTB","distinguishedname":"CN=SOM,CN=WMIPOLICY,CN=SYSTEM,DC=TIMELAPSE,DC=HTB","domainsid":"S-1-5-21-671920749-559770252-3318990721","highvalue":false},"ChildObjects":[],"Aces":[{"PrincipalSID":"S-1-5-21-671920749-559770252-3318990721-512","PrincipalType":"Group","RightName":"Owns","IsInherited":false},{"PrincipalSID":"S-1-5-21-671920749-559770252-3318990721-512","PrincipalType":"Group","RightName":"GenericAll","IsInherited":false},{"PrincipalSID":"S-1-5-21-671920749-559770252-3318990721-519","PrincipalType":"Group","RightName":"GenericAll","IsInherited":false}],"ObjectIdentifier":"20438C32-89F4-4A75-9168-A694CF34E964","IsDeleted":false,"IsACLProtected":true},{"Properties":{"domain":"TIMELAPSE.HTB","name":"COMPUTERS@TIMELAPSE.HTB","distinguishedname":"CN=COMPUTERS,DC=TIMELAPSE,DC=HTB","domainsid":"S-1-5-21-671920749-559770252-3318990721","highvalue":false},"ChildObjects":[],"Aces":[{"PrincipalSID":"S-1-5-21-671920749-559770252-3318990721-512","PrincipalType":"Group","RightName":"Owns","IsInherited":false},{"PrincipalSID":"S-1-5-21-671920749-559770252-3318990721-512","PrincipalType":"Group","RightName":"WriteDacl","IsInherited":false},{"PrincipalSID":"S-1-5-21-671920749-559770252-3318990721-512","PrincipalType":"Group","RightName":"WriteOwner","IsInherited":false},{"PrincipalSID":"S-1-5-21-671920749-559770252-3318990721-519","PrincipalType":"Group","RightName":"GenericAll","IsInherited":true},{"PrincipalSID":"TIMELAPSE.HTB-S-1-5-32-544","PrincipalType":"Group","RightName":"WriteDacl","IsInherited":true},{"PrincipalSID":"TIMELAPSE.HTB-S-1-5-32-544","PrincipalType":"Group","RightName":"WriteOwner","IsInherited":true}],"ObjectIdentifier":"DACB2BA3-8579-4B33-9470-2C3E38579010","IsDeleted":false,"IsACLProtected":false},{"Properties":{"domain":"TIMELAPSE.HTB","name":"FOREIGNSECURITYPRINCIPALS@TIMELAPSE.HTB","distinguishedname":"CN=FOREIGNSECURITYPRINCIPALS,DC=TIMELAPSE,DC=HTB","domainsid":"S-1-5-21-671920749-559770252-3318990721","highvalue":false},"ChildObjects":[],"Aces":[{"PrincipalSID":"S-1-5-21-671920749-559770252-3318990721-512","PrincipalType":"Group","RightName":"Owns","IsInherited":false},{"PrincipalSID":"S-1-5-21-671920749-559770252-3318990721-512","PrincipalType":"Group","RightName":"GenericAll","IsInherited":false},{"PrincipalSID":"S-1-5-21-671920749-559770252-3318990721-519","PrincipalType":"Group","RightName":"GenericAll","IsInherited":true},{"PrincipalSID":"TIMELAPSE.HTB-S-1-5-32-544","PrincipalType":"Group","RightName":"WriteDacl","IsInherited":true},{"PrincipalSID":"TIMELAPSE.HTB-S-1-5-32-544","PrincipalType":"Group","RightName":"WriteOwner","IsInherited":true}],"ObjectIdentifier":"C4D7586C-07B2-4833-B955-E3D1BE7A7231","IsDeleted":false,"IsACLProtected":false},{"Properties":{"domain":"TIMELAPSE.HTB","name":"PROGRAM DATA@TIMELAPSE.HTB","distinguishedname":"CN=PROGRAM DATA,DC=TIMELAPSE,DC=HTB","domainsid":"S-1-5-21-671920749-559770252-3318990721","highvalue":false},"ChildObjects":[],"Aces":[{"PrincipalSID":"S-1-5-21-671920749-559770252-3318990721-512","PrincipalType":"Group","RightName":"Owns","IsInherited":false},{"PrincipalSID":"S-1-5-21-671920749-559770252-3318990721-512","PrincipalType":"Group","RightName":"GenericAll","IsInherited":false},{"PrincipalSID":"S-1-5-21-671920749-559770252-3318990721-519","PrincipalType":"Group","RightName":"GenericAll","IsInherited":true},{"PrincipalSID":"TIMELAPSE.HTB-S-1-5-32-544","PrincipalType":"Group","RightName":"WriteDacl","IsInherited":true},{"PrincipalSID":"TIMELAPSE.HTB-S-1-5-32-544","PrincipalType":"Group","RightName":"WriteOwner","IsInherited":true}],"ObjectIdentifier":"C1757787-1287-4963-BBD7-0B66B7F16FCA","IsDeleted":false,"IsACLProtected":false},{"Properties":{"domain":"TIMELAPSE.HTB","name":"MICROSOFT@TIMELAPSE.HTB","distinguishedname":"CN=MICROSOFT,CN=PROGRAM DATA,DC=TIMELAPSE,DC=HTB","domainsid":"S-1-5-21-671920749-559770252-3318990721","highvalue":false},"ChildObjects":[],"Aces":[{"PrincipalSID":"S-1-5-21-671920749-559770252-3318990721-512","PrincipalType":"Group","RightName":"Owns","IsInherited":false},{"PrincipalSID":"S-1-5-21-671920749-559770252-3318990721-512","PrincipalType":"Group","RightName":"GenericAll","IsInherited":false},{"PrincipalSID":"S-1-5-21-671920749-559770252-3318990721-519","PrincipalType":"Group","RightName":"GenericAll","IsInherited":true},{"PrincipalSID":"TIMELAPSE.HTB-S-1-5-32-544","PrincipalType":"Group","RightName":"WriteDacl","IsInherited":true},{"PrincipalSID":"TIMELAPSE.HTB-S-1-5-32-544","PrincipalType":"Group","RightName":"WriteOwner","IsInherited":true}],"ObjectIdentifier":"5206FABA-D7C3-4C63-900E-BF0A5EA2FE61","IsDeleted":false,"IsACLProtected":false},{"Properties":{"domain":"TIMELAPSE.HTB","name":"MEETINGS@TIMELAPSE.HTB","distinguishedname":"CN=MEETINGS,CN=SYSTEM,DC=TIMELAPSE,DC=HTB","domainsid":"S-1-5-21-671920749-559770252-3318990721","highvalue":false},"ChildObjects":[],"Aces":[{"PrincipalSID":"S-1-5-21-671920749-559770252-3318990721-512","PrincipalType":"Group","RightName":"Owns","IsInherited":false},{"PrincipalSID":"S-1-5-21-671920749-559770252-3318990721-512","PrincipalType":"Group","RightName":"WriteDacl","IsInherited":false},{"PrincipalSID":"S-1-5-21-671920749-559770252-3318990721-512","PrincipalType":"Group","RightName":"WriteOwner","IsInherited":false},{"PrincipalSID":"S-1-5-21-671920749-559770252-3318990721-519","PrincipalType":"Group","RightName":"GenericAll","IsInherited":true},{"PrincipalSID":"TIMELAPSE.HTB-S-1-5-32-544","PrincipalType":"Group","RightName":"WriteDacl","IsInherited":true},{"PrincipalSID":"TIMELAPSE.HTB-S-1-5-32-544","PrincipalType":"Group","RightName":"WriteOwner","IsInherited":true}],"ObjectIdentifier":"1B6EFB68-C7D8-41C5-948A-E45C3D458497","IsDeleted":false,"IsACLProtected":false},{"Properties":{"domain":"TIMELAPSE.HTB","name":"COMPARTITIONS@TIMELAPSE.HTB","distinguishedname":"CN=COMPARTITIONS,CN=SYSTEM,DC=TIMELAPSE,DC=HTB","domainsid":"S-1-5-21-671920749-559770252-3318990721","highvalue":false},"ChildObjects":[],"Aces":[{"PrincipalSID":"S-1-5-21-671920749-559770252-3318990721-512","PrincipalType":"Group","RightName":"Owns","IsInherited":false},{"PrincipalSID":"S-1-5-21-671920749-559770252-3318990721-512","PrincipalType":"Group","RightName":"WriteDacl","IsInherited":false},{"PrincipalSID":"S-1-5-21-671920749-559770252-3318990721-512","PrincipalType":"Group","RightName":"WriteOwner","IsInherited":false},{"PrincipalSID":"S-1-5-21-671920749-559770252-3318990721-519","PrincipalType":"Group","RightName":"GenericAll","IsInherited":true},{"PrincipalSID":"TIMELAPSE.HTB-S-1-5-32-544","PrincipalType":"Group","RightName":"WriteDacl","IsInherited":true},{"PrincipalSID":"TIMELAPSE.HTB-S-1-5-32-544","PrincipalType":"Group","RightName":"WriteOwner","IsInherited":true}],"ObjectIdentifier":"C08B439E-C713-471C-A614-08453452CE50","IsDeleted":false,"IsACLProtected":false},{"Properties":{"domain":"TIMELAPSE.HTB","name":"WMIPOLICY@TIMELAPSE.HTB","distinguishedname":"CN=WMIPOLICY,CN=SYSTEM,DC=TIMELAPSE,DC=HTB","domainsid":"S-1-5-21-671920749-559770252-3318990721","highvalue":false},"ChildObjects":[],"Aces":[{"PrincipalSID":"S-1-5-21-671920749-559770252-3318990721-512","PrincipalType":"Group","RightName":"Owns","IsInherited":false},{"PrincipalSID":"S-1-5-21-671920749-559770252-3318990721-512","PrincipalType":"Group","RightName":"GenericAll","IsInherited":false},{"PrincipalSID":"S-1-5-21-671920749-559770252-3318990721-519","PrincipalType":"Group","RightName":"GenericAll","IsInherited":false}],"ObjectIdentifier":"33ADA46D-5B00-41F9-9E07-53EA42A2F38D","IsDeleted":false,"IsACLProtected":true},{"Properties":{"domain":"TIMELAPSE.HTB","name":"SYSTEM@TIMELAPSE.HTB","distinguishedname":"CN=SYSTEM,DC=TIMELAPSE,DC=HTB","domainsid":"S-1-5-21-671920749-559770252-3318990721","highvalue":false},"ChildObjects":[],"Aces":[{"PrincipalSID":"S-1-5-21-671920749-559770252-3318990721-512","PrincipalType":"Group","RightName":"Owns","IsInherited":false},{"PrincipalSID":"S-1-5-21-671920749-559770252-3318990721-512","PrincipalType":"Group","RightName":"WriteDacl","IsInherited":false},{"PrincipalSID":"S-1-5-21-671920749-559770252-3318990721-512","PrincipalType":"Group","RightName":"WriteOwner","IsInherited":false},{"PrincipalSID":"S-1-5-21-671920749-559770252-3318990721-519","PrincipalType":"Group","RightName":"GenericAll","IsInherited":true},{"PrincipalSID":"TIMELAPSE.HTB-S-1-5-32-544","PrincipalType":"Group","RightName":"WriteDacl","IsInherited":true},{"PrincipalSID":"TIMELAPSE.HTB-S-1-5-32-544","PrincipalType":"Group","RightName":"WriteOwner","IsInherited":true}],"ObjectIdentifier":"D6929A50-84F5-409F-8A74-A7D1547F8F50","IsDeleted":false,"IsACLProtected":false},{"Properties":{"domain":"TIMELAPSE.HTB","name":"MANAGED SERVICE ACCOUNTS@TIMELAPSE.HTB","distinguishedname":"CN=MANAGED SERVICE ACCOUNTS,DC=TIMELAPSE,DC=HTB","domainsid":"S-1-5-21-671920749-559770252-3318990721","highvalue":false},"ChildObjects":[],"Aces":[{"PrincipalSID":"S-1-5-21-671920749-559770252-3318990721-512","PrincipalType":"Group","RightName":"Owns","IsInherited":false},{"PrincipalSID":"S-1-5-21-671920749-559770252-3318990721-512","PrincipalType":"Group","RightName":"WriteDacl","IsInherited":false},{"PrincipalSID":"S-1-5-21-671920749-559770252-3318990721-512","PrincipalType":"Group","RightName":"WriteOwner","IsInherited":false},{"PrincipalSID":"S-1-5-21-671920749-559770252-3318990721-519","PrincipalType":"Group","RightName":"GenericAll","IsInherited":true},{"PrincipalSID":"TIMELAPSE.HTB-S-1-5-32-544","PrincipalType":"Group","RightName":"WriteDacl","IsInherited":true},{"PrincipalSID":"TIMELAPSE.HTB-S-1-5-32-544","PrincipalType":"Group","RightName":"WriteOwner","IsInherited":true}],"ObjectIdentifier":"C9FCC4A2-3A23-49F7-A9F8-45C709DAE37B","IsDeleted":false,"IsACLProtected":false},{"Properties":{"domain":"TIMELAPSE.HTB","name":"RPCSERVICES@TIMELAPSE.HTB","distinguishedname":"CN=RPCSERVICES,CN=SYSTEM,DC=TIMELAPSE,DC=HTB","domainsid":"S-1-5-21-671920749-559770252-3318990721","highvalue":false},"ChildObjects":[],"Aces":[{"PrincipalSID":"S-1-5-21-671920749-559770252-3318990721-512","PrincipalType":"Group","RightName":"Owns","IsInherited":false},{"PrincipalSID":"S-1-5-21-671920749-559770252-3318990721-512","PrincipalType":"Group","RightName":"WriteDacl","IsInherited":false},{"PrincipalSID":"S-1-5-21-671920749-559770252-3318990721-512","PrincipalType":"Group","RightName":"WriteOwner","IsInherited":false},{"PrincipalSID":"S-1-5-21-671920749-559770252-3318990721-519","PrincipalType":"Group","RightName":"GenericAll","IsInherited":true},{"PrincipalSID":"TIMELAPSE.HTB-S-1-5-32-544","PrincipalType":"Group","RightName":"WriteDacl","IsInherited":true},{"PrincipalSID":"TIMELAPSE.HTB-S-1-5-32-544","PrincipalType":"Group","RightName":"WriteOwner","IsInherited":true}],"ObjectIdentifier":"4AD371B4-3079-4A82-A900-0B8646C98796","IsDeleted":false,"IsACLProtected":false},{"Properties":{"domain":"TIMELAPSE.HTB","name":"POLICIES@TIMELAPSE.HTB","distinguishedname":"CN=POLICIES,CN=SYSTEM,DC=TIMELAPSE,DC=HTB","domainsid":"S-1-5-21-671920749-559770252-3318990721","highvalue":false},"ChildObjects":[],"Aces":[{"PrincipalSID":"S-1-5-21-671920749-559770252-3318990721-512","PrincipalType":"Group","RightName":"Owns","IsInherited":false},{"PrincipalSID":"S-1-5-21-671920749-559770252-3318990721-512","PrincipalType":"Group","RightName":"WriteDacl","IsInherited":false},{"PrincipalSID":"S-1-5-21-671920749-559770252-3318990721-512","PrincipalType":"Group","RightName":"WriteOwner","IsInherited":false},{"PrincipalSID":"S-1-5-21-671920749-559770252-3318990721-519","PrincipalType":"Group","RightName":"GenericAll","IsInherited":true},{"PrincipalSID":"TIMELAPSE.HTB-S-1-5-32-544","PrincipalType":"Group","RightName":"WriteDacl","IsInherited":true},{"PrincipalSID":"TIMELAPSE.HTB-S-1-5-32-544","PrincipalType":"Group","RightName":"WriteOwner","IsInherited":true}],"ObjectIdentifier":"A7F66E3C-118E-4B88-A62E-4F2693A6FCEE","IsDeleted":false,"IsACLProtected":false},{"Properties":{"domain":"TIMELAPSE.HTB","name":"RAS AND IAS SERVERS ACCESS CHECK@TIMELAPSE.HTB","distinguishedname":"CN=RAS AND IAS SERVERS ACCESS CHECK,CN=SYSTEM,DC=TIMELAPSE,DC=HTB","domainsid":"S-1-5-21-671920749-559770252-3318990721","highvalue":false},"ChildObjects":[],"Aces":[{"PrincipalSID":"S-1-5-21-671920749-559770252-3318990721-512","PrincipalType":"Group","RightName":"Owns","IsInherited":false},{"PrincipalSID":"S-1-5-21-671920749-559770252-3318990721-553","PrincipalType":"Group","RightName":"WriteDacl","IsInherited":false},{"PrincipalSID":"S-1-5-21-671920749-559770252-3318990721-553","PrincipalType":"Group","RightName":"WriteOwner","IsInherited":false},{"PrincipalSID":"S-1-5-21-671920749-559770252-3318990721-519","PrincipalType":"Group","RightName":"GenericAll","IsInherited":true},{"PrincipalSID":"TIMELAPSE.HTB-S-1-5-32-544","PrincipalType":"Group","RightName":"WriteDacl","IsInherited":true},{"PrincipalSID":"TIMELAPSE.HTB-S-1-5-32-544","PrincipalType":"Group","RightName":"WriteOwner","IsInherited":true}],"ObjectIdentifier":"5D38890A-774A-472A-80E7-A351892C81C2","IsDeleted":false,"IsACLProtected":false},{"Properties":{"domain":"TIMELAPSE.HTB","name":"WINSOCKSERVICES@TIMELAPSE.HTB","distinguishedname":"CN=WINSOCKSERVICES,CN=SYSTEM,DC=TIMELAPSE,DC=HTB","domainsid":"S-1-5-21-671920749-559770252-3318990721","highvalue":false},"ChildObjects":[],"Aces":[{"PrincipalSID":"S-1-5-21-671920749-559770252-3318990721-512","PrincipalType":"Group","RightName":"Owns","IsInherited":false},{"PrincipalSID":"S-1-5-21-671920749-559770252-3318990721-512","PrincipalType":"Group","RightName":"WriteDacl","IsInherited":false},{"PrincipalSID":"S-1-5-21-671920749-559770252-3318990721-512","PrincipalType":"Group","RightName":"WriteOwner","IsInherited":false},{"PrincipalSID":"S-1-5-21-671920749-559770252-3318990721-519","PrincipalType":"Group","RightName":"GenericAll","IsInherited":true},{"PrincipalSID":"TIMELAPSE.HTB-S-1-5-32-544","PrincipalType":"Group","RightName":"WriteDacl","IsInherited":true},{"PrincipalSID":"TIMELAPSE.HTB-S-1-5-32-544","PrincipalType":"Group","RightName":"WriteOwner","IsInherited":true}],"ObjectIdentifier":"F3A23A3A-568C-44BC-B5B1-0363D82AE5C1","IsDeleted":false,"IsACLProtected":false},{"Properties":{"domain":"TIMELAPSE.HTB","name":"COMPARTITIONSETS@TIMELAPSE.HTB","distinguishedname":"CN=COMPARTITIONSETS,CN=SYSTEM,DC=TIMELAPSE,DC=HTB","domainsid":"S-1-5-21-671920749-559770252-3318990721","highvalue":false},"ChildObjects":[],"Aces":[{"PrincipalSID":"S-1-5-21-671920749-559770252-3318990721-512","PrincipalType":"Group","RightName":"Owns","IsInherited":false},{"PrincipalSID":"S-1-5-21-671920749-559770252-3318990721-512","PrincipalType":"Group","RightName":"WriteDacl","IsInherited":false},{"PrincipalSID":"S-1-5-21-671920749-559770252-3318990721-512","PrincipalType":"Group","RightName":"WriteOwner","IsInherited":false},{"PrincipalSID":"S-1-5-21-671920749-559770252-3318990721-519","PrincipalType":"Group","RightName":"GenericAll","IsInherited":true},{"PrincipalSID":"TIMELAPSE.HTB-S-1-5-32-544","PrincipalType":"Group","RightName":"WriteDacl","IsInherited":true},{"PrincipalSID":"TIMELAPSE.HTB-S-1-5-32-544","PrincipalType":"Group","RightName":"WriteOwner","IsInherited":true}],"ObjectIdentifier":"5341878A-14DD-47A1-824A-ECC4A09A6A81","IsDeleted":false,"IsACLProtected":false},{"Properties":{"domain":"TIMELAPSE.HTB","name":"PSPS@TIMELAPSE.HTB","distinguishedname":"CN=PSPS,CN=SYSTEM,DC=TIMELAPSE,DC=HTB","domainsid":"S-1-5-21-671920749-559770252-3318990721","highvalue":false},"ChildObjects":[],"Aces":[{"PrincipalSID":"S-1-5-21-671920749-559770252-3318990721-512","PrincipalType":"Group","RightName":"Owns","IsInherited":false},{"PrincipalSID":"S-1-5-21-671920749-559770252-3318990721-512","PrincipalType":"Group","RightName":"GenericAll","IsInherited":false},{"PrincipalSID":"S-1-5-21-671920749-559770252-3318990721-519","PrincipalType":"Group","RightName":"GenericAll","IsInherited":true},{"PrincipalSID":"TIMELAPSE.HTB-S-1-5-32-544","PrincipalType":"Group","RightName":"WriteDacl","IsInherited":true},{"PrincipalSID":"TIMELAPSE.HTB-S-1-5-32-544","PrincipalType":"Group","RightName":"WriteOwner","IsInherited":true}],"ObjectIdentifier":"19800F93-17A7-41C9-8E5F-DA32427EA1DF","IsDeleted":false,"IsACLProtected":false},{"Properties":{"domain":"TIMELAPSE.HTB","name":"USERS@TIMELAPSE.HTB","distinguishedname":"CN=USERS,DC=TIMELAPSE,DC=HTB","domainsid":"S-1-5-21-671920749-559770252-3318990721","highvalue":false},"ChildObjects":[{"ObjectIdentifier":"S-1-5-21-671920749-559770252-3318990721-500","ObjectType":"User"},{"ObjectIdentifier":"S-1-5-21-671920749-559770252-3318990721-571","ObjectType":"Group"},{"ObjectIdentifier":"S-1-5-21-671920749-559770252-3318990721-517","ObjectType":"Group"},{"ObjectIdentifier":"S-1-5-21-671920749-559770252-3318990721-522","ObjectType":"Group"},{"ObjectIdentifier":"S-1-5-21-671920749-559770252-3318990721-572","ObjectType":"Group"},{"ObjectIdentifier":"S-1-5-21-671920749-559770252-3318990721-1101","ObjectType":"Group"},{"ObjectIdentifier":"S-1-5-21-671920749-559770252-3318990721-1102","ObjectType":"Group"},{"ObjectIdentifier":"S-1-5-21-671920749-559770252-3318990721-512","ObjectType":"Group"},{"ObjectIdentifier":"S-1-5-21-671920749-559770252-3318990721-515","ObjectType":"Group"},{"ObjectIdentifier":"S-1-5-21-671920749-559770252-3318990721-516","ObjectType":"Group"},{"ObjectIdentifier":"S-1-5-21-671920749-559770252-3318990721-514","ObjectType":"Group"},{"ObjectIdentifier":"S-1-5-21-671920749-559770252-3318990721-513","ObjectType":"Group"},{"ObjectIdentifier":"S-1-5-21-671920749-559770252-3318990721-519","ObjectType":"Group"},{"ObjectIdentifier":"S-1-5-21-671920749-559770252-3318990721-527","ObjectType":"Group"},{"ObjectIdentifier":"S-1-5-21-671920749-559770252-3318990721-498","ObjectType":"Group"},{"ObjectIdentifier":"S-1-5-21-671920749-559770252-3318990721-520","ObjectType":"Group"},{"ObjectIdentifier":"S-1-5-21-671920749-559770252-3318990721-501","ObjectType":"User"},{"ObjectIdentifier":"S-1-5-21-671920749-559770252-3318990721-526","ObjectType":"Group"},{"ObjectIdentifier":"S-1-5-21-671920749-559770252-3318990721-502","ObjectType":"User"},{"ObjectIdentifier":"S-1-5-21-671920749-559770252-3318990721-525","ObjectType":"Group"},{"ObjectIdentifier":"S-1-5-21-671920749-559770252-3318990721-553","ObjectType":"Group"},{"ObjectIdentifier":"S-1-5-21-671920749-559770252-3318990721-521","ObjectType":"Group"},{"ObjectIdentifier":"S-1-5-21-671920749-559770252-3318990721-518","ObjectType":"Group"},{"ObjectIdentifier":"S-1-5-21-671920749-559770252-3318990721-3103","ObjectType":"User"}],"Aces":[{"PrincipalSID":"S-1-5-21-671920749-559770252-3318990721-512","PrincipalType":"Group","RightName":"Owns","IsInherited":false},{"PrincipalSID":"S-1-5-21-671920749-559770252-3318990721-512","PrincipalType":"Group","RightName":"WriteDacl","IsInherited":false},{"PrincipalSID":"S-1-5-21-671920749-559770252-3318990721-512","PrincipalType":"Group","RightName":"WriteOwner","IsInherited":false},{"PrincipalSID":"S-1-5-21-671920749-559770252-3318990721-519","PrincipalType":"Group","RightName":"GenericAll","IsInherited":true},{"PrincipalSID":"TIMELAPSE.HTB-S-1-5-32-544","PrincipalType":"Group","RightName":"WriteDacl","IsInherited":true},{"PrincipalSID":"TIMELAPSE.HTB-S-1-5-32-544","PrincipalType":"Group","RightName":"WriteOwner","IsInherited":true}],"ObjectIdentifier":"D923D2ED-3A17-4157-8998-6F962652B37A","IsDeleted":false,"IsACLProtected":false}],"meta":{"methods":29675,"type":"containers","count":21,"version":5}}