{"data":[{"ObjectIdentifier": "EE487B88-BBD0-4F6C-96EA-137EBB05FE13", "Properties": {"domain": "STREAMIO.HTB", "name": "LAPSS@STREAMIO.HTB", "distinguishedname": "CN={7AAA6150-F0F3-448D-ABAB-9C8CEE7F4B00},CN=POLICIES,CN=SYSTEM,DC=STREAMIO,DC=HTB", "domainsid": "S-1-5-21-1470860369-1569627196-4264678630", "highvalue": false, "gpcpath": "\\\\STREAMIO.HTB\\SYSVOL\\STREAMIO.HTB\\POLICIES\\{7AAA6150-F0F3-448D-ABAB-9C8CEE7F4B00}", "description": null, "whencreated": 1645524331}, "IsDeleted": false, "IsACLProtected": true, "Aces": [{"RightName": "Owns", "IsInherited": false, "PrincipalSID": "S-1-5-21-1470860369-1569627196-4264678630-512", "PrincipalType": "Group"}, {"RightName": "GenericWrite", "IsInherited": false, "PrincipalSID": "S-1-5-21-1470860369-1569627196-4264678630-512", "PrincipalType": "Group"}, {"RightName": "WriteOwner", "IsInherited": false, "PrincipalSID": "S-1-5-21-1470860369-1569627196-4264678630-512", "PrincipalType": "Group"}, {"RightName": "WriteDacl", "IsInherited": false, "PrincipalSID": "S-1-5-21-1470860369-1569627196-4264678630-512", "PrincipalType": "Group"}, {"RightName": "GenericWrite", "IsInherited": false, "PrincipalSID": "S-1-5-21-1470860369-1569627196-4264678630-512", "PrincipalType": "Group"}, {"RightName": "WriteOwner", "IsInherited": false, "PrincipalSID": "S-1-5-21-1470860369-1569627196-4264678630-512", "PrincipalType": "Group"}, {"RightName": "WriteDacl", "IsInherited": false, "PrincipalSID": "S-1-5-21-1470860369-1569627196-4264678630-512", "PrincipalType": "Group"}, {"RightName": "GenericWrite", "IsInherited": false, "PrincipalSID": "S-1-5-21-1470860369-1569627196-4264678630-519", "PrincipalType": "Group"}, {"RightName": "WriteOwner", "IsInherited": false, "PrincipalSID": "S-1-5-21-1470860369-1569627196-4264678630-519", "PrincipalType": "Group"}, {"RightName": "WriteDacl", "IsInherited": false, "PrincipalSID": "S-1-5-21-1470860369-1569627196-4264678630-519", "PrincipalType": "Group"}]},{"ObjectIdentifier": "518A007B-23D4-42F1-81A3-7146F7CDB673", "Properties": {"domain": "STREAMIO.HTB", "name": "LAPS@STREAMIO.HTB", "distinguishedname": "CN={705420BC-A668-4B48-8D8A-68C260027FFA},CN=POLICIES,CN=SYSTEM,DC=STREAMIO,DC=HTB", "domainsid": "S-1-5-21-1470860369-1569627196-4264678630", "highvalue": false, "gpcpath": "\\\\STREAMIO.HTB\\SYSVOL\\STREAMIO.HTB\\POLICIES\\{705420BC-A668-4B48-8D8A-68C260027FFA}", "description": null, "whencreated": 1645524006}, "IsDeleted": false, "IsACLProtected": true, "Aces": [{"RightName": "Owns", "IsInherited": false, "PrincipalSID": "S-1-5-21-1470860369-1569627196-4264678630-512", "PrincipalType": "Group"}, {"RightName": "GenericWrite", "IsInherited": false, "PrincipalSID": "S-1-5-21-1470860369-1569627196-4264678630-512", "PrincipalType": "Group"}, {"RightName": "WriteOwner", "IsInherited": false, "PrincipalSID": "S-1-5-21-1470860369-1569627196-4264678630-512", "PrincipalType": "Group"}, {"RightName": "WriteDacl", "IsInherited": false, "PrincipalSID": "S-1-5-21-1470860369-1569627196-4264678630-512", "PrincipalType": "Group"}, {"RightName": "GenericWrite", "IsInherited": false, "PrincipalSID": "S-1-5-21-1470860369-1569627196-4264678630-512", "PrincipalType": "Group"}, {"RightName": "WriteOwner", "IsInherited": false, "PrincipalSID": "S-1-5-21-1470860369-1569627196-4264678630-512", "PrincipalType": "Group"}, {"RightName": "WriteDacl", "IsInherited": false, "PrincipalSID": "S-1-5-21-1470860369-1569627196-4264678630-512", "PrincipalType": "Group"}, {"RightName": "GenericWrite", "IsInherited": false, "PrincipalSID": "S-1-5-21-1470860369-1569627196-4264678630-519", "PrincipalType": "Group"}, {"RightName": "WriteOwner", "IsInherited": false, "PrincipalSID": "S-1-5-21-1470860369-1569627196-4264678630-519", "PrincipalType": "Group"}, {"RightName": "WriteDacl", "IsInherited": false, "PrincipalSID": "S-1-5-21-1470860369-1569627196-4264678630-519", "PrincipalType": "Group"}]},{"ObjectIdentifier": "6C31EF8A-2E04-4648-9996-52F6D275FD42", "Properties": {"domain": "STREAMIO.HTB", "name": "DEFAULT DOMAIN CONTROLLERS POLICY@STREAMIO.HTB", "distinguishedname": "CN={6AC1786C-016F-11D2-945F-00C04FB984F9},CN=POLICIES,CN=SYSTEM,DC=STREAMIO,DC=HTB", "domainsid": "S-1-5-21-1470860369-1569627196-4264678630", "highvalue": false, "gpcpath": "\\\\STREAMIO.HTB\\SYSVOL\\STREAMIO.HTB\\POLICIES\\{6AC1786C-016F-11D2-945F-00C04FB984F9}", "description": null, "whencreated": 1645523059}, "IsDeleted": false, "IsACLProtected": true, "Aces": [{"RightName": "Owns", "IsInherited": false, "PrincipalSID": "S-1-5-21-1470860369-1569627196-4264678630-512", "PrincipalType": "Group"}, {"RightName": "GenericWrite", "IsInherited": false, "PrincipalSID": "S-1-5-21-1470860369-1569627196-4264678630-512", "PrincipalType": "Group"}, {"RightName": "WriteOwner", "IsInherited": false, "PrincipalSID": "S-1-5-21-1470860369-1569627196-4264678630-512", "PrincipalType": "Group"}, {"RightName": "WriteDacl", "IsInherited": false, "PrincipalSID": "S-1-5-21-1470860369-1569627196-4264678630-512", "PrincipalType": "Group"}, {"RightName": "GenericWrite", "IsInherited": false, "PrincipalSID": "S-1-5-21-1470860369-1569627196-4264678630-512", "PrincipalType": "Group"}, {"RightName": "WriteOwner", "IsInherited": false, "PrincipalSID": "S-1-5-21-1470860369-1569627196-4264678630-512", "PrincipalType": "Group"}, {"RightName": "WriteDacl", "IsInherited": false, "PrincipalSID": "S-1-5-21-1470860369-1569627196-4264678630-512", "PrincipalType": "Group"}, {"RightName": "GenericWrite", "IsInherited": false, "PrincipalSID": "S-1-5-21-1470860369-1569627196-4264678630-519", "PrincipalType": "Group"}, {"RightName": "WriteOwner", "IsInherited": false, "PrincipalSID": "S-1-5-21-1470860369-1569627196-4264678630-519", "PrincipalType": "Group"}, {"RightName": "WriteDacl", "IsInherited": false, "PrincipalSID": "S-1-5-21-1470860369-1569627196-4264678630-519", "PrincipalType": "Group"}, {"RightName": "GenericWrite", "IsInherited": false, "PrincipalSID": "S-1-5-21-1470860369-1569627196-4264678630-519", "PrincipalType": "Group"}, {"RightName": "WriteOwner", "IsInherited": false, "PrincipalSID": "S-1-5-21-1470860369-1569627196-4264678630-519", "PrincipalType": "Group"}, {"RightName": "WriteDacl", "IsInherited": false, "PrincipalSID": "S-1-5-21-1470860369-1569627196-4264678630-519", "PrincipalType": "Group"}, {"RightName": "GenericWrite", "IsInherited": false, "PrincipalSID": "S-1-5-21-1470860369-1569627196-4264678630-512", "PrincipalType": "Group"}, {"RightName": "WriteOwner", "IsInherited": false, "PrincipalSID": "S-1-5-21-1470860369-1569627196-4264678630-512", "PrincipalType": "Group"}, {"RightName": "WriteDacl", "IsInherited": false, "PrincipalSID": "S-1-5-21-1470860369-1569627196-4264678630-512", "PrincipalType": "Group"}]},{"ObjectIdentifier": "D41C4FC2-704F-4E22-9647-C36953035B98", "Properties": {"domain": "STREAMIO.HTB", "name": "DEFAULT DOMAIN POLICY@STREAMIO.HTB", "distinguishedname": "CN={31B2F340-016D-11D2-945F-00C04FB984F9},CN=POLICIES,CN=SYSTEM,DC=STREAMIO,DC=HTB", "domainsid": "S-1-5-21-1470860369-1569627196-4264678630", "highvalue": false, "gpcpath": "\\\\STREAMIO.HTB\\SYSVOL\\STREAMIO.HTB\\POLICIES\\{31B2F340-016D-11D2-945F-00C04FB984F9}", "description": null, "whencreated": 1645523059}, "IsDeleted": false, "IsACLProtected": true, "Aces": [{"RightName": "Owns", "IsInherited": false, "PrincipalSID": "S-1-5-21-1470860369-1569627196-4264678630-512", "PrincipalType": "Group"}, {"RightName": "GenericWrite", "IsInherited": false, "PrincipalSID": "S-1-5-21-1470860369-1569627196-4264678630-512", "PrincipalType": "Group"}, {"RightName": "WriteOwner", "IsInherited": false, "PrincipalSID": "S-1-5-21-1470860369-1569627196-4264678630-512", "PrincipalType": "Group"}, {"RightName": "WriteDacl", "IsInherited": false, "PrincipalSID": "S-1-5-21-1470860369-1569627196-4264678630-512", "PrincipalType": "Group"}, {"RightName": "GenericWrite", "IsInherited": false, "PrincipalSID": "S-1-5-21-1470860369-1569627196-4264678630-512", "PrincipalType": "Group"}, {"RightName": "WriteOwner", "IsInherited": false, "PrincipalSID": "S-1-5-21-1470860369-1569627196-4264678630-512", "PrincipalType": "Group"}, {"RightName": "WriteDacl", "IsInherited": false, "PrincipalSID": "S-1-5-21-1470860369-1569627196-4264678630-512", "PrincipalType": "Group"}, {"RightName": "GenericWrite", "IsInherited": false, "PrincipalSID": "S-1-5-21-1470860369-1569627196-4264678630-519", "PrincipalType": "Group"}, {"RightName": "WriteOwner", "IsInherited": false, "PrincipalSID": "S-1-5-21-1470860369-1569627196-4264678630-519", "PrincipalType": "Group"}, {"RightName": "WriteDacl", "IsInherited": false, "PrincipalSID": "S-1-5-21-1470860369-1569627196-4264678630-519", "PrincipalType": "Group"}, {"RightName": "GenericWrite", "IsInherited": false, "PrincipalSID": "S-1-5-21-1470860369-1569627196-4264678630-519", "PrincipalType": "Group"}, {"RightName": "WriteOwner", "IsInherited": false, "PrincipalSID": "S-1-5-21-1470860369-1569627196-4264678630-519", "PrincipalType": "Group"}, {"RightName": "WriteDacl", "IsInherited": false, "PrincipalSID": "S-1-5-21-1470860369-1569627196-4264678630-519", "PrincipalType": "Group"}, {"RightName": "GenericWrite", "IsInherited": false, "PrincipalSID": "S-1-5-21-1470860369-1569627196-4264678630-512", "PrincipalType": "Group"}, {"RightName": "WriteOwner", "IsInherited": false, "PrincipalSID": "S-1-5-21-1470860369-1569627196-4264678630-512", "PrincipalType": "Group"}, {"RightName": "WriteDacl", "IsInherited": false, "PrincipalSID": "S-1-5-21-1470860369-1569627196-4264678630-512", "PrincipalType": "Group"}]}],"meta":{"methods":0,"type":"gpos","count":4, "version":5}}