{"data":[{"ObjectIdentifier": "S-1-5-21-1470860369-1569627196-4264678630-1000", "AllowedToAct": [], "PrimaryGroupSID": "S-1-5-21-1470860369-1569627196-4264678630-516", "LocalAdmins": {"Collected": true, "FailureReason": null, "Results": [{"ObjectIdentifier": "S-1-5-21-1470860369-1569627196-4264678630-500", "ObjectType": "User"}, {"ObjectIdentifier": "S-1-5-21-1470860369-1569627196-4264678630-519", "ObjectType": "Group"}, {"ObjectIdentifier": "S-1-5-21-1470860369-1569627196-4264678630-512", "ObjectType": "Group"}, {"ObjectIdentifier": "S-1-5-21-1470860369-1569627196-4264678630-1105", "ObjectType": "User"}]}, "PSRemoteUsers": {"Collected": true, "FailureReason": null, "Results": [{"ObjectIdentifier": "S-1-5-21-1470860369-1569627196-4264678630-1105", "ObjectType": "User"}, {"ObjectIdentifier": "S-1-5-21-1470860369-1569627196-4264678630-1106", "ObjectType": "User"}]}, "Properties": {"name": "DC.STREAMIO.HTB", "domainsid": "S-1-5-21-1470860369-1569627196-4264678630", "domain": "STREAMIO.HTB", "distinguishedname": "CN=DC,OU=DOMAIN CONTROLLERS,DC=STREAMIO,DC=HTB", "unconstraineddelegation": true, "enabled": true, "trustedtoauth": false, "samaccountname": "DC$", "haslaps": true, "lastlogon": 1669937550, "lastlogontimestamp": 1669937530, "pwdlastset": 1669937507, "whencreated": 1645523113, "serviceprincipalnames": ["Dfsr-12F9A27C-BF97-4787-9364-D31B6C55EB04/DC.streamIO.htb", "ldap/DC.streamIO.htb/ForestDnsZones.streamIO.htb", "ldap/DC.streamIO.htb/DomainDnsZones.streamIO.htb", "DNS/DC.streamIO.htb", "GC/DC.streamIO.htb/streamIO.htb", "RestrictedKrbHost/DC.streamIO.htb", "RestrictedKrbHost/DC", "RPC/a248f8cd-6e46-408c-acf1-67bf3029808b._msdcs.streamIO.htb", "HOST/DC/streamIO", "HOST/DC.streamIO.htb/streamIO", "HOST/DC", "HOST/DC.streamIO.htb", "HOST/DC.streamIO.htb/streamIO.htb", "E3514235-4B06-11D1-AB04-00C04FC2DCD2/a248f8cd-6e46-408c-acf1-67bf3029808b/streamIO.htb", "ldap/DC/streamIO", "ldap/a248f8cd-6e46-408c-acf1-67bf3029808b._msdcs.streamIO.htb", "ldap/DC.streamIO.htb/streamIO", "ldap/DC", "ldap/DC.streamIO.htb", "ldap/DC.streamIO.htb/streamIO.htb"], "description": null, "operatingsystem": "Windows Server 2019 Standard", "sidhistory": []}, "RemoteDesktopUsers": {"Collected": true, "FailureReason": null, "Results": []}, "DcomUsers": {"Collected": true, "FailureReason": null, "Results": []}, "AllowedToDelegate": [], "Sessions": {"Collected": true, "FailureReason": null, "Results": []}, "PrivilegedSessions": {"Collected": false, "FailureReason": null, "Results": []}, "RegistrySessions": {"Collected": false, "FailureReason": null, "Results": []}, "Aces": [{"RightName": "Owns", "IsInherited": false, "PrincipalSID": "S-1-5-21-1470860369-1569627196-4264678630-512", "PrincipalType": "Group"}, {"RightName": "GenericAll", "IsInherited": false, "PrincipalSID": "S-1-5-21-1470860369-1569627196-4264678630-512", "PrincipalType": "Group"}, {"RightName": "ReadLAPSPassword", "IsInherited": true, "PrincipalSID": "S-1-5-21-1470860369-1569627196-4264678630-1108", "PrincipalType": "Group"}, {"RightName": "AddKeyCredentialLink", "IsInherited": true, "PrincipalSID": "S-1-5-21-1470860369-1569627196-4264678630-526", "PrincipalType": "Group"}, {"RightName": "AddKeyCredentialLink", "IsInherited": true, "PrincipalSID": "S-1-5-21-1470860369-1569627196-4264678630-527", "PrincipalType": "Group"}, {"RightName": "GenericAll", "IsInherited": true, "PrincipalSID": "S-1-5-21-1470860369-1569627196-4264678630-519", "PrincipalType": "Group"}, {"RightName": "GenericWrite", "IsInherited": true, "PrincipalSID": "STREAMIO.HTB-S-1-5-32-544", "PrincipalType": "Group"}, {"RightName": "WriteOwner", "IsInherited": true, "PrincipalSID": "STREAMIO.HTB-S-1-5-32-544", "PrincipalType": "Group"}, {"RightName": "WriteDacl", "IsInherited": true, "PrincipalSID": "STREAMIO.HTB-S-1-5-32-544", "PrincipalType": "Group"}], "HasSIDHistory": [], "IsDeleted": false, "Status": null, "IsACLProtected": false}],"meta":{"methods":0,"type":"computers","count":1, "version":5}}