{"data":[{"ObjectIdentifier": "EFFE6A23-6825-4B85-A66C-3CE8B70B764C", "Properties": {"domain": "STREAMIO.HTB", "name": "WMIGPO@STREAMIO.HTB", "distinguishedname": "CN=WMIGPO,CN=WMIPOLICY,CN=SYSTEM,DC=STREAMIO,DC=HTB", "domainsid": "S-1-5-21-1470860369-1569627196-4264678630", "highvalue": false, "description": "", "whencreated": 1645523060}, "IsDeleted": false, "IsACLProtected": false, "Aces": [{"RightName": "Owns", "IsInherited": false, "PrincipalSID": "S-1-5-21-1470860369-1569627196-4264678630-512", "PrincipalType": "Group"}, {"RightName": "WriteOwner", "IsInherited": false, "PrincipalSID": "S-1-5-21-1470860369-1569627196-4264678630-512", "PrincipalType": "Group"}, {"RightName": "WriteDacl", "IsInherited": false, "PrincipalSID": "S-1-5-21-1470860369-1569627196-4264678630-512", "PrincipalType": "Group"}, {"RightName": "GenericAll", "IsInherited": true, "PrincipalSID": "S-1-5-21-1470860369-1569627196-4264678630-519", "PrincipalType": "Group"}, {"RightName": "GenericAll", "IsInherited": true, "PrincipalSID": "S-1-5-21-1470860369-1569627196-4264678630-512", "PrincipalType": "Group"}], "ChildObjects": []},{"ObjectIdentifier": "EFD52259-64B4-4F29-9508-9ABACB7E084D", "Properties": {"domain": "STREAMIO.HTB", "name": "POLICYTYPE@STREAMIO.HTB", "distinguishedname": "CN=POLICYTYPE,CN=WMIPOLICY,CN=SYSTEM,DC=STREAMIO,DC=HTB", "domainsid": "S-1-5-21-1470860369-1569627196-4264678630", "highvalue": false, "description": "", "whencreated": 1645523060}, "IsDeleted": false, "IsACLProtected": false, "Aces": [{"RightName": "Owns", "IsInherited": false, "PrincipalSID": "S-1-5-21-1470860369-1569627196-4264678630-512", "PrincipalType": "Group"}, {"RightName": "WriteOwner", "IsInherited": false, "PrincipalSID": "S-1-5-21-1470860369-1569627196-4264678630-512", "PrincipalType": "Group"}, {"RightName": "WriteDacl", "IsInherited": false, "PrincipalSID": "S-1-5-21-1470860369-1569627196-4264678630-512", "PrincipalType": "Group"}, {"RightName": "GenericAll", "IsInherited": true, "PrincipalSID": "S-1-5-21-1470860369-1569627196-4264678630-519", "PrincipalType": "Group"}, {"RightName": "GenericAll", "IsInherited": true, "PrincipalSID": "S-1-5-21-1470860369-1569627196-4264678630-512", "PrincipalType": "Group"}], "ChildObjects": []},{"ObjectIdentifier": "B53DE0E4-279C-4724-9130-FE1F6284EC56", "Properties": {"domain": "STREAMIO.HTB", "name": "SOM@STREAMIO.HTB", "distinguishedname": "CN=SOM,CN=WMIPOLICY,CN=SYSTEM,DC=STREAMIO,DC=HTB", "domainsid": "S-1-5-21-1470860369-1569627196-4264678630", "highvalue": false, "description": "", "whencreated": 1645523060}, "IsDeleted": false, "IsACLProtected": true, "Aces": [{"RightName": "Owns", "IsInherited": false, "PrincipalSID": "S-1-5-21-1470860369-1569627196-4264678630-512", "PrincipalType": "Group"}, {"RightName": "GenericAll", "IsInherited": false, "PrincipalSID": "S-1-5-21-1470860369-1569627196-4264678630-512", "PrincipalType": "Group"}, {"RightName": "GenericAll", "IsInherited": false, "PrincipalSID": "S-1-5-21-1470860369-1569627196-4264678630-519", "PrincipalType": "Group"}], "ChildObjects": []},{"ObjectIdentifier": "B72371C2-0019-4D87-B65D-3EE89D74E550", "Properties": {"domain": "STREAMIO.HTB", "name": "POLICYTEMPLATE@STREAMIO.HTB", "distinguishedname": "CN=POLICYTEMPLATE,CN=WMIPOLICY,CN=SYSTEM,DC=STREAMIO,DC=HTB", "domainsid": "S-1-5-21-1470860369-1569627196-4264678630", "highvalue": false, "description": "", "whencreated": 1645523060}, "IsDeleted": false, "IsACLProtected": false, "Aces": [{"RightName": "Owns", "IsInherited": false, "PrincipalSID": "S-1-5-21-1470860369-1569627196-4264678630-512", "PrincipalType": "Group"}, {"RightName": "WriteOwner", "IsInherited": false, "PrincipalSID": "S-1-5-21-1470860369-1569627196-4264678630-512", "PrincipalType": "Group"}, {"RightName": "WriteDacl", "IsInherited": false, "PrincipalSID": "S-1-5-21-1470860369-1569627196-4264678630-512", "PrincipalType": "Group"}, {"RightName": "GenericAll", "IsInherited": true, "PrincipalSID": "S-1-5-21-1470860369-1569627196-4264678630-519", "PrincipalType": "Group"}, {"RightName": "GenericAll", "IsInherited": true, "PrincipalSID": "S-1-5-21-1470860369-1569627196-4264678630-512", "PrincipalType": "Group"}], "ChildObjects": []},{"ObjectIdentifier": "B9B5956B-A2C8-45D0-A1F4-FE7859351BC4", "Properties": {"domain": "STREAMIO.HTB", "name": "WMIPOLICY@STREAMIO.HTB", "distinguishedname": "CN=WMIPOLICY,CN=SYSTEM,DC=STREAMIO,DC=HTB", "domainsid": "S-1-5-21-1470860369-1569627196-4264678630", "highvalue": false, "description": "", "whencreated": 1645523060}, "IsDeleted": false, "IsACLProtected": true, "Aces": [{"RightName": "Owns", "IsInherited": false, "PrincipalSID": "S-1-5-21-1470860369-1569627196-4264678630-512", "PrincipalType": "Group"}, {"RightName": "GenericAll", "IsInherited": false, "PrincipalSID": "S-1-5-21-1470860369-1569627196-4264678630-519", "PrincipalType": "Group"}, {"RightName": "GenericAll", "IsInherited": false, "PrincipalSID": "S-1-5-21-1470860369-1569627196-4264678630-512", "PrincipalType": "Group"}], "ChildObjects": []},{"ObjectIdentifier": "6AEA7705-804C-4EB8-9103-28F3BB1E1C65", "Properties": {"domain": "STREAMIO.HTB", "name": "COMPARTITIONSETS@STREAMIO.HTB", "distinguishedname": "CN=COMPARTITIONSETS,CN=SYSTEM,DC=STREAMIO,DC=HTB", "domainsid": "S-1-5-21-1470860369-1569627196-4264678630", "highvalue": false, "description": "", "whencreated": 1645523060}, "IsDeleted": false, "IsACLProtected": false, "Aces": [{"RightName": "Owns", "IsInherited": false, "PrincipalSID": "S-1-5-21-1470860369-1569627196-4264678630-512", "PrincipalType": "Group"}, {"RightName": "WriteOwner", "IsInherited": false, "PrincipalSID": "S-1-5-21-1470860369-1569627196-4264678630-512", "PrincipalType": "Group"}, {"RightName": "WriteDacl", "IsInherited": false, "PrincipalSID": "S-1-5-21-1470860369-1569627196-4264678630-512", "PrincipalType": "Group"}, {"RightName": "GenericAll", "IsInherited": true, "PrincipalSID": "S-1-5-21-1470860369-1569627196-4264678630-519", "PrincipalType": "Group"}, {"RightName": "WriteOwner", "IsInherited": true, "PrincipalSID": "STREAMIO.HTB-S-1-5-32-544", "PrincipalType": "Group"}, {"RightName": "WriteDacl", "IsInherited": true, "PrincipalSID": "STREAMIO.HTB-S-1-5-32-544", "PrincipalType": "Group"}], "ChildObjects": []},{"ObjectIdentifier": "A5091758-E20A-4054-8E1A-C15C3D4BFA7D", "Properties": {"domain": "STREAMIO.HTB", "name": "COMPARTITIONS@STREAMIO.HTB", "distinguishedname": "CN=COMPARTITIONS,CN=SYSTEM,DC=STREAMIO,DC=HTB", "domainsid": "S-1-5-21-1470860369-1569627196-4264678630", "highvalue": false, "description": "", "whencreated": 1645523060}, "IsDeleted": false, "IsACLProtected": false, "Aces": [{"RightName": "Owns", "IsInherited": false, "PrincipalSID": "S-1-5-21-1470860369-1569627196-4264678630-512", "PrincipalType": "Group"}, {"RightName": "WriteOwner", "IsInherited": false, "PrincipalSID": "S-1-5-21-1470860369-1569627196-4264678630-512", "PrincipalType": "Group"}, {"RightName": "WriteDacl", "IsInherited": false, "PrincipalSID": "S-1-5-21-1470860369-1569627196-4264678630-512", "PrincipalType": "Group"}, {"RightName": "GenericAll", "IsInherited": true, "PrincipalSID": "S-1-5-21-1470860369-1569627196-4264678630-519", "PrincipalType": "Group"}, {"RightName": "WriteOwner", "IsInherited": true, "PrincipalSID": "STREAMIO.HTB-S-1-5-32-544", "PrincipalType": "Group"}, {"RightName": "WriteDacl", "IsInherited": true, "PrincipalSID": "STREAMIO.HTB-S-1-5-32-544", "PrincipalType": "Group"}], "ChildObjects": []},{"ObjectIdentifier": "1B07AE06-DE77-4D2B-99B5-374EBAB1884A", "Properties": {"domain": "STREAMIO.HTB", "name": "ADMINSDHOLDER@STREAMIO.HTB", "distinguishedname": "CN=ADMINSDHOLDER,CN=SYSTEM,DC=STREAMIO,DC=HTB", "domainsid": "S-1-5-21-1470860369-1569627196-4264678630", "highvalue": false, "description": "", "whencreated": 1645523060}, "IsDeleted": false, "IsACLProtected": true, "Aces": [{"RightName": "Owns", "IsInherited": false, "PrincipalSID": "S-1-5-21-1470860369-1569627196-4264678630-512", "PrincipalType": "Group"}, {"RightName": "WriteOwner", "IsInherited": false, "PrincipalSID": "S-1-5-21-1470860369-1569627196-4264678630-512", "PrincipalType": "Group"}, {"RightName": "WriteDacl", "IsInherited": false, "PrincipalSID": "S-1-5-21-1470860369-1569627196-4264678630-512", "PrincipalType": "Group"}, {"RightName": "WriteOwner", "IsInherited": false, "PrincipalSID": "S-1-5-21-1470860369-1569627196-4264678630-519", "PrincipalType": "Group"}, {"RightName": "WriteDacl", "IsInherited": false, "PrincipalSID": "S-1-5-21-1470860369-1569627196-4264678630-519", "PrincipalType": "Group"}, {"RightName": "WriteOwner", "IsInherited": false, "PrincipalSID": "STREAMIO.HTB-S-1-5-32-544", "PrincipalType": "Group"}, {"RightName": "WriteDacl", "IsInherited": false, "PrincipalSID": "STREAMIO.HTB-S-1-5-32-544", "PrincipalType": "Group"}], "ChildObjects": []},{"ObjectIdentifier": "0E4EA613-AA41-4CC9-A0D1-021376DB1F0A", "Properties": {"domain": "STREAMIO.HTB", "name": "RAS AND IAS SERVERS ACCESS CHECK@STREAMIO.HTB", "distinguishedname": "CN=RAS AND IAS SERVERS ACCESS CHECK,CN=SYSTEM,DC=STREAMIO,DC=HTB", "domainsid": "S-1-5-21-1470860369-1569627196-4264678630", "highvalue": false, "description": "", "whencreated": 1645523059}, "IsDeleted": false, "IsACLProtected": false, "Aces": [{"RightName": "Owns", "IsInherited": false, "PrincipalSID": "S-1-5-21-1470860369-1569627196-4264678630-512", "PrincipalType": "Group"}, {"RightName": "WriteOwner", "IsInherited": false, "PrincipalSID": "S-1-5-21-1470860369-1569627196-4264678630-553", "PrincipalType": "Group"}, {"RightName": "WriteDacl", "IsInherited": false, "PrincipalSID": "S-1-5-21-1470860369-1569627196-4264678630-553", "PrincipalType": "Group"}, {"RightName": "GenericAll", "IsInherited": true, "PrincipalSID": "S-1-5-21-1470860369-1569627196-4264678630-519", "PrincipalType": "Group"}, {"RightName": "WriteOwner", "IsInherited": true, "PrincipalSID": "STREAMIO.HTB-S-1-5-32-544", "PrincipalType": "Group"}, {"RightName": "WriteDacl", "IsInherited": true, "PrincipalSID": "STREAMIO.HTB-S-1-5-32-544", "PrincipalType": "Group"}], "ChildObjects": []},{"ObjectIdentifier": "44852685-E2BE-4C56-A519-E5813F76ED54", "Properties": {"domain": "STREAMIO.HTB", "name": "POLICIES@STREAMIO.HTB", "distinguishedname": "CN=POLICIES,CN=SYSTEM,DC=STREAMIO,DC=HTB", "domainsid": "S-1-5-21-1470860369-1569627196-4264678630", "highvalue": false, "description": "", "whencreated": 1645523059}, "IsDeleted": false, "IsACLProtected": false, "Aces": [{"RightName": "Owns", "IsInherited": false, "PrincipalSID": "S-1-5-21-1470860369-1569627196-4264678630-512", "PrincipalType": "Group"}, {"RightName": "WriteOwner", "IsInherited": false, "PrincipalSID": "S-1-5-21-1470860369-1569627196-4264678630-512", "PrincipalType": "Group"}, {"RightName": "WriteDacl", "IsInherited": false, "PrincipalSID": "S-1-5-21-1470860369-1569627196-4264678630-512", "PrincipalType": "Group"}, {"RightName": "GenericAll", "IsInherited": true, "PrincipalSID": "S-1-5-21-1470860369-1569627196-4264678630-519", "PrincipalType": "Group"}, {"RightName": "WriteOwner", "IsInherited": true, "PrincipalSID": "STREAMIO.HTB-S-1-5-32-544", "PrincipalType": "Group"}, {"RightName": "WriteDacl", "IsInherited": true, "PrincipalSID": "STREAMIO.HTB-S-1-5-32-544", "PrincipalType": "Group"}], "ChildObjects": []},{"ObjectIdentifier": "FD98452F-C0F8-4DFA-A384-7003872C12B8", "Properties": {"domain": "STREAMIO.HTB", "name": "MEETINGS@STREAMIO.HTB", "distinguishedname": "CN=MEETINGS,CN=SYSTEM,DC=STREAMIO,DC=HTB", "domainsid": "S-1-5-21-1470860369-1569627196-4264678630", "highvalue": false, "description": "", "whencreated": 1645523059}, "IsDeleted": false, "IsACLProtected": false, "Aces": [{"RightName": "Owns", "IsInherited": false, "PrincipalSID": "S-1-5-21-1470860369-1569627196-4264678630-512", "PrincipalType": "Group"}, {"RightName": "WriteOwner", "IsInherited": false, "PrincipalSID": "S-1-5-21-1470860369-1569627196-4264678630-512", "PrincipalType": "Group"}, {"RightName": "WriteDacl", "IsInherited": false, "PrincipalSID": "S-1-5-21-1470860369-1569627196-4264678630-512", "PrincipalType": "Group"}, {"RightName": "GenericAll", "IsInherited": true, "PrincipalSID": "S-1-5-21-1470860369-1569627196-4264678630-519", "PrincipalType": "Group"}, {"RightName": "WriteOwner", "IsInherited": true, "PrincipalSID": "STREAMIO.HTB-S-1-5-32-544", "PrincipalType": "Group"}, {"RightName": "WriteDacl", "IsInherited": true, "PrincipalSID": "STREAMIO.HTB-S-1-5-32-544", "PrincipalType": "Group"}], "ChildObjects": []},{"ObjectIdentifier": "43D34850-102A-4F42-B28E-F615547BB2C2", "Properties": {"domain": "STREAMIO.HTB", "name": "WINSOCKSERVICES@STREAMIO.HTB", "distinguishedname": "CN=WINSOCKSERVICES,CN=SYSTEM,DC=STREAMIO,DC=HTB", "domainsid": "S-1-5-21-1470860369-1569627196-4264678630", "highvalue": false, "description": "", "whencreated": 1645523059}, "IsDeleted": false, "IsACLProtected": false, "Aces": [{"RightName": "Owns", "IsInherited": false, "PrincipalSID": "S-1-5-21-1470860369-1569627196-4264678630-512", "PrincipalType": "Group"}, {"RightName": "WriteOwner", "IsInherited": false, "PrincipalSID": "S-1-5-21-1470860369-1569627196-4264678630-512", "PrincipalType": "Group"}, {"RightName": "WriteDacl", "IsInherited": false, "PrincipalSID": "S-1-5-21-1470860369-1569627196-4264678630-512", "PrincipalType": "Group"}, {"RightName": "GenericAll", "IsInherited": true, "PrincipalSID": "S-1-5-21-1470860369-1569627196-4264678630-519", "PrincipalType": "Group"}, {"RightName": "WriteOwner", "IsInherited": true, "PrincipalSID": "STREAMIO.HTB-S-1-5-32-544", "PrincipalType": "Group"}, {"RightName": "WriteDacl", "IsInherited": true, "PrincipalSID": "STREAMIO.HTB-S-1-5-32-544", "PrincipalType": "Group"}], "ChildObjects": []},{"ObjectIdentifier": "94232F93-369B-4EBE-A866-6140D90A30A1", "Properties": {"domain": "STREAMIO.HTB", "name": "MANAGED SERVICE ACCOUNTS@STREAMIO.HTB", "distinguishedname": "CN=MANAGED SERVICE ACCOUNTS,DC=STREAMIO,DC=HTB", "domainsid": "S-1-5-21-1470860369-1569627196-4264678630", "highvalue": false, "description": "Default container for managed service accounts", "whencreated": 1645523060}, "IsDeleted": false, "IsACLProtected": false, "Aces": [{"RightName": "Owns", "IsInherited": false, "PrincipalSID": "S-1-5-21-1470860369-1569627196-4264678630-512", "PrincipalType": "Group"}, {"RightName": "WriteOwner", "IsInherited": false, "PrincipalSID": "S-1-5-21-1470860369-1569627196-4264678630-512", "PrincipalType": "Group"}, {"RightName": "WriteDacl", "IsInherited": false, "PrincipalSID": "S-1-5-21-1470860369-1569627196-4264678630-512", "PrincipalType": "Group"}, {"RightName": "GenericAll", "IsInherited": true, "PrincipalSID": "S-1-5-21-1470860369-1569627196-4264678630-519", "PrincipalType": "Group"}, {"RightName": "WriteOwner", "IsInherited": true, "PrincipalSID": "STREAMIO.HTB-S-1-5-32-544", "PrincipalType": "Group"}, {"RightName": "WriteDacl", "IsInherited": true, "PrincipalSID": "STREAMIO.HTB-S-1-5-32-544", "PrincipalType": "Group"}], "ChildObjects": []},{"ObjectIdentifier": "80C7564E-8C7B-4F00-B751-262913B4E4DC", "Properties": {"domain": "STREAMIO.HTB", "name": "MICROSOFT@STREAMIO.HTB", "distinguishedname": "CN=MICROSOFT,CN=PROGRAM DATA,DC=STREAMIO,DC=HTB", "domainsid": "S-1-5-21-1470860369-1569627196-4264678630", "highvalue": false, "description": "Default location for storage of Microsoft application data.", "whencreated": 1645523060}, "IsDeleted": false, "IsACLProtected": false, "Aces": [{"RightName": "Owns", "IsInherited": false, "PrincipalSID": "S-1-5-21-1470860369-1569627196-4264678630-512", "PrincipalType": "Group"}, {"RightName": "GenericAll", "IsInherited": false, "PrincipalSID": "S-1-5-21-1470860369-1569627196-4264678630-512", "PrincipalType": "Group"}, {"RightName": "GenericAll", "IsInherited": true, "PrincipalSID": "S-1-5-21-1470860369-1569627196-4264678630-519", "PrincipalType": "Group"}, {"RightName": "WriteOwner", "IsInherited": true, "PrincipalSID": "STREAMIO.HTB-S-1-5-32-544", "PrincipalType": "Group"}, {"RightName": "WriteDacl", "IsInherited": true, "PrincipalSID": "STREAMIO.HTB-S-1-5-32-544", "PrincipalType": "Group"}], "ChildObjects": []},{"ObjectIdentifier": "021312EF-4739-4FA0-AAA9-0E8C98CFE184", "Properties": {"domain": "STREAMIO.HTB", "name": "PROGRAM DATA@STREAMIO.HTB", "distinguishedname": "CN=PROGRAM DATA,DC=STREAMIO,DC=HTB", "domainsid": "S-1-5-21-1470860369-1569627196-4264678630", "highvalue": false, "description": "Default location for storage of application data.", "whencreated": 1645523060}, "IsDeleted": false, "IsACLProtected": false, "Aces": [{"RightName": "Owns", "IsInherited": false, "PrincipalSID": "S-1-5-21-1470860369-1569627196-4264678630-512", "PrincipalType": "Group"}, {"RightName": "GenericAll", "IsInherited": false, "PrincipalSID": "S-1-5-21-1470860369-1569627196-4264678630-512", "PrincipalType": "Group"}, {"RightName": "GenericAll", "IsInherited": true, "PrincipalSID": "S-1-5-21-1470860369-1569627196-4264678630-519", "PrincipalType": "Group"}, {"RightName": "WriteOwner", "IsInherited": true, "PrincipalSID": "STREAMIO.HTB-S-1-5-32-544", "PrincipalType": "Group"}, {"RightName": "WriteDacl", "IsInherited": true, "PrincipalSID": "STREAMIO.HTB-S-1-5-32-544", "PrincipalType": "Group"}], "ChildObjects": []},{"ObjectIdentifier": "BC17DBD2-BC36-43E8-8A8A-D45305FE1C12", "Properties": {"domain": "STREAMIO.HTB", "name": "FOREIGNSECURITYPRINCIPALS@STREAMIO.HTB", "distinguishedname": "CN=FOREIGNSECURITYPRINCIPALS,DC=STREAMIO,DC=HTB", "domainsid": "S-1-5-21-1470860369-1569627196-4264678630", "highvalue": false, "description": "Default container for security identifiers (SIDs) associated with objects from external, trusted domains", "whencreated": 1645523060}, "IsDeleted": false, "IsACLProtected": false, "Aces": [{"RightName": "Owns", "IsInherited": false, "PrincipalSID": "S-1-5-21-1470860369-1569627196-4264678630-512", "PrincipalType": "Group"}, {"RightName": "GenericAll", "IsInherited": false, "PrincipalSID": "S-1-5-21-1470860369-1569627196-4264678630-512", "PrincipalType": "Group"}, {"RightName": "GenericAll", "IsInherited": true, "PrincipalSID": "S-1-5-21-1470860369-1569627196-4264678630-519", "PrincipalType": "Group"}, {"RightName": "WriteOwner", "IsInherited": true, "PrincipalSID": "STREAMIO.HTB-S-1-5-32-544", "PrincipalType": "Group"}, {"RightName": "WriteDacl", "IsInherited": true, "PrincipalSID": "STREAMIO.HTB-S-1-5-32-544", "PrincipalType": "Group"}], "ChildObjects": []},{"ObjectIdentifier": "3C438FA4-B93D-4BAA-82AE-C4C5B0E0A77A", "Properties": {"domain": "STREAMIO.HTB", "name": "SYSTEM@STREAMIO.HTB", "distinguishedname": "CN=SYSTEM,DC=STREAMIO,DC=HTB", "domainsid": "S-1-5-21-1470860369-1569627196-4264678630", "highvalue": false, "description": "Builtin system settings", "whencreated": 1645523059}, "IsDeleted": false, "IsACLProtected": false, "Aces": [{"RightName": "Owns", "IsInherited": false, "PrincipalSID": "S-1-5-21-1470860369-1569627196-4264678630-512", "PrincipalType": "Group"}, {"RightName": "WriteOwner", "IsInherited": false, "PrincipalSID": "S-1-5-21-1470860369-1569627196-4264678630-512", "PrincipalType": "Group"}, {"RightName": "WriteDacl", "IsInherited": false, "PrincipalSID": "S-1-5-21-1470860369-1569627196-4264678630-512", "PrincipalType": "Group"}, {"RightName": "GenericAll", "IsInherited": true, "PrincipalSID": "S-1-5-21-1470860369-1569627196-4264678630-519", "PrincipalType": "Group"}, {"RightName": "WriteOwner", "IsInherited": true, "PrincipalSID": "STREAMIO.HTB-S-1-5-32-544", "PrincipalType": "Group"}, {"RightName": "WriteDacl", "IsInherited": true, "PrincipalSID": "STREAMIO.HTB-S-1-5-32-544", "PrincipalType": "Group"}], "ChildObjects": []},{"ObjectIdentifier": "954EDB32-04D0-4801-96E4-87C1F9408169", "Properties": {"domain": "STREAMIO.HTB", "name": "COMPUTERS@STREAMIO.HTB", "distinguishedname": "CN=COMPUTERS,DC=STREAMIO,DC=HTB", "domainsid": "S-1-5-21-1470860369-1569627196-4264678630", "highvalue": false, "description": "Default container for upgraded computer accounts", "whencreated": 1645523059}, "IsDeleted": false, "IsACLProtected": false, "Aces": [{"RightName": "Owns", "IsInherited": false, "PrincipalSID": "S-1-5-21-1470860369-1569627196-4264678630-512", "PrincipalType": "Group"}, {"RightName": "WriteOwner", "IsInherited": false, "PrincipalSID": "S-1-5-21-1470860369-1569627196-4264678630-512", "PrincipalType": "Group"}, {"RightName": "WriteDacl", "IsInherited": false, "PrincipalSID": "S-1-5-21-1470860369-1569627196-4264678630-512", "PrincipalType": "Group"}, {"RightName": "GenericAll", "IsInherited": true, "PrincipalSID": "S-1-5-21-1470860369-1569627196-4264678630-519", "PrincipalType": "Group"}, {"RightName": "WriteOwner", "IsInherited": true, "PrincipalSID": "STREAMIO.HTB-S-1-5-32-544", "PrincipalType": "Group"}, {"RightName": "WriteDacl", "IsInherited": true, "PrincipalSID": "STREAMIO.HTB-S-1-5-32-544", "PrincipalType": "Group"}], "ChildObjects": []},{"ObjectIdentifier": "DA910FF8-7C5E-43D0-BBB6-6DFDC1C02539", "Properties": {"domain": "STREAMIO.HTB", "name": "USERS@STREAMIO.HTB", "distinguishedname": "CN=USERS,DC=STREAMIO,DC=HTB", "domainsid": "S-1-5-21-1470860369-1569627196-4264678630", "highvalue": false, "description": "Default container for upgraded user accounts", "whencreated": 1645523059}, "IsDeleted": false, "IsACLProtected": false, "Aces": [{"RightName": "Owns", "IsInherited": false, "PrincipalSID": "S-1-5-21-1470860369-1569627196-4264678630-512", "PrincipalType": "Group"}, {"RightName": "WriteOwner", "IsInherited": false, "PrincipalSID": "S-1-5-21-1470860369-1569627196-4264678630-512", "PrincipalType": "Group"}, {"RightName": "WriteDacl", "IsInherited": false, "PrincipalSID": "S-1-5-21-1470860369-1569627196-4264678630-512", "PrincipalType": "Group"}, {"RightName": "GenericAll", "IsInherited": true, "PrincipalSID": "S-1-5-21-1470860369-1569627196-4264678630-519", "PrincipalType": "Group"}, {"RightName": "WriteOwner", "IsInherited": true, "PrincipalSID": "STREAMIO.HTB-S-1-5-32-544", "PrincipalType": "Group"}, {"RightName": "WriteDacl", "IsInherited": true, "PrincipalSID": "STREAMIO.HTB-S-1-5-32-544", "PrincipalType": "Group"}], "ChildObjects": [{"ObjectIdentifier": "S-1-5-21-1470860369-1569627196-4264678630-1107", "ObjectType": "User"}, {"ObjectIdentifier": "S-1-5-21-1470860369-1569627196-4264678630-1103", "ObjectType": "Group"}, {"ObjectIdentifier": "S-1-5-21-1470860369-1569627196-4264678630-518", "ObjectType": "Group"}, {"ObjectIdentifier": "S-1-5-21-1470860369-1569627196-4264678630-521", "ObjectType": "Group"}, {"ObjectIdentifier": "S-1-5-21-1470860369-1569627196-4264678630-553", "ObjectType": "Group"}, {"ObjectIdentifier": "S-1-5-21-1470860369-1569627196-4264678630-525", "ObjectType": "Group"}, {"ObjectIdentifier": "S-1-5-21-1470860369-1569627196-4264678630-1106", "ObjectType": "User"}, {"ObjectIdentifier": "S-1-5-21-1470860369-1569627196-4264678630-1105", "ObjectType": "User"}, {"ObjectIdentifier": "S-1-5-21-1470860369-1569627196-4264678630-502", "ObjectType": "User"}, {"ObjectIdentifier": "S-1-5-21-1470860369-1569627196-4264678630-526", "ObjectType": "Group"}, {"ObjectIdentifier": "S-1-5-21-1470860369-1569627196-4264678630-1104", "ObjectType": "User"}, {"ObjectIdentifier": "S-1-5-21-1470860369-1569627196-4264678630-501", "ObjectType": "User"}, {"ObjectIdentifier": "S-1-5-21-1470860369-1569627196-4264678630-520", "ObjectType": "Group"}, {"ObjectIdentifier": "S-1-5-21-1470860369-1569627196-4264678630-498", "ObjectType": "Group"}, {"ObjectIdentifier": "S-1-5-21-1470860369-1569627196-4264678630-527", "ObjectType": "Group"}, {"ObjectIdentifier": "S-1-5-21-1470860369-1569627196-4264678630-519", "ObjectType": "Group"}, {"ObjectIdentifier": "S-1-5-21-1470860369-1569627196-4264678630-513", "ObjectType": "Group"}, {"ObjectIdentifier": "S-1-5-21-1470860369-1569627196-4264678630-514", "ObjectType": "Group"}, {"ObjectIdentifier": "S-1-5-21-1470860369-1569627196-4264678630-516", "ObjectType": "Group"}, {"ObjectIdentifier": "S-1-5-21-1470860369-1569627196-4264678630-515", "ObjectType": "Group"}, {"ObjectIdentifier": "S-1-5-21-1470860369-1569627196-4264678630-512", "ObjectType": "Group"}, {"ObjectIdentifier": "S-1-5-21-1470860369-1569627196-4264678630-1102", "ObjectType": "Group"}, {"ObjectIdentifier": "S-1-5-21-1470860369-1569627196-4264678630-1101", "ObjectType": "Group"}, {"ObjectIdentifier": "S-1-5-21-1470860369-1569627196-4264678630-572", "ObjectType": "Group"}, {"ObjectIdentifier": "S-1-5-21-1470860369-1569627196-4264678630-1108", "ObjectType": "Group"}, {"ObjectIdentifier": "S-1-5-21-1470860369-1569627196-4264678630-522", "ObjectType": "Group"}, {"ObjectIdentifier": "S-1-5-21-1470860369-1569627196-4264678630-517", "ObjectType": "Group"}, {"ObjectIdentifier": "S-1-5-21-1470860369-1569627196-4264678630-571", "ObjectType": "Group"}, {"ObjectIdentifier": "S-1-5-21-1470860369-1569627196-4264678630-500", "ObjectType": "User"}]}],"meta":{"methods":0,"type":"containers","count":19, "version":5}}