{"data":[{"ObjectIdentifier": "110DD400-A2F1-427A-97DE-A3D9FD3050EB", "Properties": {"domain": "STREAMIO.HTB", "name": "DOMAIN CONTROLLERS@STREAMIO.HTB", "distinguishedname": "OU=DOMAIN CONTROLLERS,DC=STREAMIO,DC=HTB", "domainsid": "S-1-5-21-1470860369-1569627196-4264678630", "highvalue": false, "blocksinheritance": false, "description": "Default container for domain controllers", "whencreated": 1645523060}, "IsDeleted": false, "IsACLProtected": false, "Aces": [{"RightName": "Owns", "IsInherited": false, "PrincipalSID": "S-1-5-21-1470860369-1569627196-4264678630-512", "PrincipalType": "Group"}, {"RightName": "WriteOwner", "IsInherited": false, "PrincipalSID": "S-1-5-21-1470860369-1569627196-4264678630-512", "PrincipalType": "Group"}, {"RightName": "WriteDacl", "IsInherited": false, "PrincipalSID": "S-1-5-21-1470860369-1569627196-4264678630-512", "PrincipalType": "Group"}, {"RightName": "GenericAll", "IsInherited": true, "PrincipalSID": "S-1-5-21-1470860369-1569627196-4264678630-519", "PrincipalType": "Group"}, {"RightName": "WriteOwner", "IsInherited": true, "PrincipalSID": "STREAMIO.HTB-S-1-5-32-544", "PrincipalType": "Group"}, {"RightName": "WriteDacl", "IsInherited": true, "PrincipalSID": "STREAMIO.HTB-S-1-5-32-544", "PrincipalType": "Group"}], "Links": [{"IsEnforced": false, "GUID": "EE487B88-BBD0-4F6C-96EA-137EBB05FE13"}, {"IsEnforced": false, "GUID": "6C31EF8A-2E04-4648-9996-52F6D275FD42"}], "ChildObjects": [{"ObjectIdentifier": "S-1-5-21-1470860369-1569627196-4264678630-1000", "ObjectType": "Computer"}], "GPOChanges": {"AffectedComputers": [], "DcomUsers": [], "LocalAdmins": [], "PSRemoteUsers": [], "RemoteDesktopUsers": []}}],"meta":{"methods":0,"type":"ous","count":1, "version":5}}