{"data": [{"ObjectIdentifier": "S-1-5-21-1470860369-1569627196-4264678630", "Properties": {"name": "STREAMIO.HTB", "domain": "STREAMIO.HTB", "domainsid": "S-1-5-21-1470860369-1569627196-4264678630", "distinguishedname": "DC=STREAMIO,DC=HTB", "description": "", "functionallevel": "2016", "highvalue": true, "whencreated": 1645523048}, "Trusts": [], "Aces": [{"RightName": "Owns", "IsInherited": false, "PrincipalSID": "STREAMIO.HTB-S-1-5-32-544", "PrincipalType": "Group"}, {"RightName": "GetChanges", "IsInherited": false, "PrincipalSID": "S-1-5-21-1470860369-1569627196-4264678630-498", "PrincipalType": "Group"}, {"RightName": "GetChangesAll", "IsInherited": false, "PrincipalSID": "S-1-5-21-1470860369-1569627196-4264678630-516", "PrincipalType": "Group"}, {"RightName": "GetChangesInFilteredSet", "IsInherited": false, "PrincipalSID": "STREAMIO.HTB-S-1-5-32-544", "PrincipalType": "Group"}, {"RightName": "GetChanges", "IsInherited": false, "PrincipalSID": "STREAMIO.HTB-S-1-5-32-544", "PrincipalType": "Group"}, {"RightName": "GetChangesAll", "IsInherited": false, "PrincipalSID": "STREAMIO.HTB-S-1-5-32-544", "PrincipalType": "Group"}, {"RightName": "GetChangesInFilteredSet", "IsInherited": false, "PrincipalSID": "STREAMIO.HTB-S-1-5-9", "PrincipalType": "Group"}, {"RightName": "GetChanges", "IsInherited": false, "PrincipalSID": "STREAMIO.HTB-S-1-5-9", "PrincipalType": "Group"}, {"RightName": "WriteOwner", "IsInherited": false, "PrincipalSID": "S-1-5-21-1470860369-1569627196-4264678630-512", "PrincipalType": "Group"}, {"RightName": "AllExtendedRights", "IsInherited": false, "PrincipalSID": "S-1-5-21-1470860369-1569627196-4264678630-512", "PrincipalType": "Group"}, {"RightName": "WriteDacl", "IsInherited": false, "PrincipalSID": "S-1-5-21-1470860369-1569627196-4264678630-512", "PrincipalType": "Group"}, {"RightName": "GenericAll", "IsInherited": false, "PrincipalSID": "S-1-5-21-1470860369-1569627196-4264678630-519", "PrincipalType": "Group"}, {"RightName": "WriteOwner", "IsInherited": false, "PrincipalSID": "STREAMIO.HTB-S-1-5-32-544", "PrincipalType": "Group"}, {"RightName": "AllExtendedRights", "IsInherited": false, "PrincipalSID": "STREAMIO.HTB-S-1-5-32-544", "PrincipalType": "Group"}, {"RightName": "WriteDacl", "IsInherited": false, "PrincipalSID": "STREAMIO.HTB-S-1-5-32-544", "PrincipalType": "Group"}], "Links": [{"IsEnforced": false, "GUID": "D41C4FC2-704F-4E22-9647-C36953035B98"}], "ChildObjects": [{"ObjectIdentifier": "DA910FF8-7C5E-43D0-BBB6-6DFDC1C02539", "ObjectType": "Container"}, {"ObjectIdentifier": "94232F93-369B-4EBE-A866-6140D90A30A1", "ObjectType": "Container"}, {"ObjectIdentifier": "BC17DBD2-BC36-43E8-8A8A-D45305FE1C12", "ObjectType": "Container"}, {"ObjectIdentifier": "110DD400-A2F1-427A-97DE-A3D9FD3050EB", "ObjectType": "OU"}, {"ObjectIdentifier": "954EDB32-04D0-4801-96E4-87C1F9408169", "ObjectType": "Container"}], "GPOChanges": {"AffectedComputers": [], "DcomUsers": [], "LocalAdmins": [], "PSRemoteUsers": [], "RemoteDesktopUsers": []}, "IsDeleted": false, "IsACLProtected": false}], "meta": {"type": "domains", "count": 1, "version": 5}}