﻿{"data":[{"Properties":{"domain":"MEGABANK.LOCAL","name":"MS02.MEGABANK.LOCAL","distinguishedname":"CN=MS02,CN=COMPUTERS,DC=MEGABANK,DC=LOCAL","domainsid":"S-1-5-21-1392959593-3013219662-3596683436","highvalue":false,"samaccountname":"MS02$","haslaps":false,"description":null,"whencreated":1569555235,"enabled":true,"unconstraineddelegation":false,"trustedtoauth":false,"lastlogon":1569711612,"lastlogontimestamp":1569580508,"pwdlastset":1569580435,"serviceprincipalnames":["RestrictedKrbHost/MS02","HOST/MS02","RestrictedKrbHost/MS02.megabank.local","HOST/MS02.megabank.local"],"operatingsystem":"Windows Server 2016 Standard","sidhistory":[]},"PrimaryGroupSID":"S-1-5-21-1392959593-3013219662-3596683436-515","AllowedToDelegate":[],"AllowedToAct":[],"HasSIDHistory":[],"Sessions":{"Results":[],"Collected":false,"FailureReason":null},"PrivilegedSessions":{"Results":[],"Collected":false,"FailureReason":null},"RegistrySessions":{"Results":[],"Collected":false,"FailureReason":null},"LocalAdmins":{"Results":[],"Collected":false,"FailureReason":null},"RemoteDesktopUsers":{"Results":[],"Collected":false,"FailureReason":null},"DcomUsers":{"Results":[],"Collected":false,"FailureReason":null},"PSRemoteUsers":{"Results":[],"Collected":false,"FailureReason":null},"Status":null,"Aces":[{"PrincipalSID":"S-1-5-21-1392959593-3013219662-3596683436-512","PrincipalType":"Group","RightName":"Owns","IsInherited":false},{"PrincipalSID":"MEGABANK.LOCAL-S-1-5-32-548","PrincipalType":"Group","RightName":"GenericAll","IsInherited":false},{"PrincipalSID":"S-1-5-21-1392959593-3013219662-3596683436-512","PrincipalType":"Group","RightName":"GenericAll","IsInherited":false},{"PrincipalSID":"S-1-5-21-1392959593-3013219662-3596683436-526","PrincipalType":"Group","RightName":"AddKeyCredentialLink","IsInherited":true},{"PrincipalSID":"S-1-5-21-1392959593-3013219662-3596683436-527","PrincipalType":"Group","RightName":"AddKeyCredentialLink","IsInherited":true},{"PrincipalSID":"S-1-5-21-1392959593-3013219662-3596683436-519","PrincipalType":"Group","RightName":"GenericAll","IsInherited":true},{"PrincipalSID":"MEGABANK.LOCAL-S-1-5-32-544","PrincipalType":"Group","RightName":"WriteDacl","IsInherited":true},{"PrincipalSID":"MEGABANK.LOCAL-S-1-5-32-544","PrincipalType":"Group","RightName":"WriteOwner","IsInherited":true},{"PrincipalSID":"MEGABANK.LOCAL-S-1-5-32-544","PrincipalType":"Group","RightName":"GenericWrite","IsInherited":true}],"ObjectIdentifier":"S-1-5-21-1392959593-3013219662-3596683436-1104","IsDeleted":false,"IsACLProtected":false},{"Properties":{"domain":"MEGABANK.LOCAL","name":"RESOLUTE.MEGABANK.LOCAL","distinguishedname":"CN=RESOLUTE,OU=DOMAIN CONTROLLERS,DC=MEGABANK,DC=LOCAL","domainsid":"S-1-5-21-1392959593-3013219662-3596683436","highvalue":false,"samaccountname":"RESOLUTE$","haslaps":false,"description":null,"whencreated":1569392951,"enabled":true,"unconstraineddelegation":true,"trustedtoauth":false,"lastlogon":1673554288,"lastlogontimestamp":1673554270,"pwdlastset":1673554261,"serviceprincipalnames":["Dfsr-12F9A27C-BF97-4787-9364-D31B6C55EB04/Resolute.megabank.local","ldap/Resolute.megabank.local/ForestDnsZones.megabank.local","ldap/Resolute.megabank.local/DomainDnsZones.megabank.local","DNS/Resolute.megabank.local","GC/Resolute.megabank.local/megabank.local","HOST/Resolute.megabank.local/MEGABANK","HOST/Resolute.megabank.local/megabank.local","ldap/Resolute.megabank.local/MEGABANK","ldap/Resolute.megabank.local","ldap/Resolute.megabank.local/megabank.local","RestrictedKrbHost/Resolute.megabank.local","HOST/Resolute.megabank.local","RestrictedKrbHost/RESOLUTE","HOST/RESOLUTE/MEGABANK","HOST/RESOLUTE","ldap/RESOLUTE/MEGABANK","ldap/RESOLUTE","RPC/b9024923-44e7-4b82-83d5-7e0d199af2bc._msdcs.megabank.local","E3514235-4B06-11D1-AB04-00C04FC2DCD2/b9024923-44e7-4b82-83d5-7e0d199af2bc/megabank.local","ldap/b9024923-44e7-4b82-83d5-7e0d199af2bc._msdcs.megabank.local"],"operatingsystem":"Windows Server 2016 Standard","sidhistory":[]},"PrimaryGroupSID":"S-1-5-21-1392959593-3013219662-3596683436-516","AllowedToDelegate":[],"AllowedToAct":[],"HasSIDHistory":[],"Sessions":{"Results":[],"Collected":true,"FailureReason":null},"PrivilegedSessions":{"Results":[],"Collected":false,"FailureReason":null},"RegistrySessions":{"Results":[],"Collected":false,"FailureReason":null},"LocalAdmins":{"Results":[{"ObjectIdentifier":"S-1-5-21-1392959593-3013219662-3596683436-500","ObjectType":"User"},{"ObjectIdentifier":"S-1-5-21-1392959593-3013219662-3596683436-519","ObjectType":"Group"},{"ObjectIdentifier":"S-1-5-21-1392959593-3013219662-3596683436-512","ObjectType":"Group"}],"Collected":true,"FailureReason":null},"RemoteDesktopUsers":{"Results":[],"Collected":true,"FailureReason":null},"DcomUsers":{"Results":[],"Collected":true,"FailureReason":null},"PSRemoteUsers":{"Results":[{"ObjectIdentifier":"S-1-5-21-1392959593-3013219662-3596683436-1103","ObjectType":"Group"},{"ObjectIdentifier":"S-1-5-21-1392959593-3013219662-3596683436-10101","ObjectType":"User"}],"Collected":true,"FailureReason":null},"Status":null,"Aces":[{"PrincipalSID":"S-1-5-21-1392959593-3013219662-3596683436-512","PrincipalType":"Group","RightName":"Owns","IsInherited":false},{"PrincipalSID":"S-1-5-21-1392959593-3013219662-3596683436-512","PrincipalType":"Group","RightName":"GenericAll","IsInherited":false},{"PrincipalSID":"S-1-5-21-1392959593-3013219662-3596683436-526","PrincipalType":"Group","RightName":"AddKeyCredentialLink","IsInherited":true},{"PrincipalSID":"S-1-5-21-1392959593-3013219662-3596683436-527","PrincipalType":"Group","RightName":"AddKeyCredentialLink","IsInherited":true},{"PrincipalSID":"S-1-5-21-1392959593-3013219662-3596683436-519","PrincipalType":"Group","RightName":"GenericAll","IsInherited":true},{"PrincipalSID":"MEGABANK.LOCAL-S-1-5-32-544","PrincipalType":"Group","RightName":"WriteDacl","IsInherited":true},{"PrincipalSID":"MEGABANK.LOCAL-S-1-5-32-544","PrincipalType":"Group","RightName":"WriteOwner","IsInherited":true},{"PrincipalSID":"MEGABANK.LOCAL-S-1-5-32-544","PrincipalType":"Group","RightName":"GenericWrite","IsInherited":true}],"ObjectIdentifier":"S-1-5-21-1392959593-3013219662-3596683436-1000","IsDeleted":false,"IsACLProtected":false}],"meta":{"methods":29675,"type":"computers","count":2,"version":5}}