﻿{"data":[{"GPOChanges":{"LocalAdmins":[],"RemoteDesktopUsers":[],"DcomUsers":[],"PSRemoteUsers":[],"AffectedComputers":[]},"Properties":{"domain":"MEGABANK.LOCAL","name":"MEGABANK.LOCAL","distinguishedname":"DC=MEGABANK,DC=LOCAL","domainsid":"S-1-5-21-1392959593-3013219662-3596683436","highvalue":true,"description":null,"whencreated":1569392902,"functionallevel":"2016"},"ChildObjects":[{"ObjectIdentifier":"41E2C5FF-1215-45BE-9CA1-488358AD5808","ObjectType":"Container"},{"ObjectIdentifier":"12316BD2-FE27-413A-90D0-471B6F5E7497","ObjectType":"OU"},{"ObjectIdentifier":"34D72428-0CE5-467B-9F90-0963F6F91EEB","ObjectType":"Container"},{"ObjectIdentifier":"29D77B98-A3B4-4B62-AEBC-DA1B5C491DFE","ObjectType":"OU"},{"ObjectIdentifier":"5CA0EC93-9D8F-425D-80FE-8E5DD33415CE","ObjectType":"Container"},{"ObjectIdentifier":"900D96D6-1128-4946-BD9E-C5F29BA4235B","ObjectType":"OU"},{"ObjectIdentifier":"ECF00E84-2A00-4C4B-84B6-AA1CD07703C5","ObjectType":"OU"},{"ObjectIdentifier":"D00ED52A-80E0-4198-81D6-3002CDFAB7CF","ObjectType":"Container"}],"Trusts":[],"Links":[{"IsEnforced":false,"GUID":"CF88BD53-DAA0-43D5-9211-2676D5F6C1C1"}],"Aces":[{"PrincipalSID":"MEGABANK.LOCAL-S-1-5-32-544","PrincipalType":"Group","RightName":"Owns","IsInherited":false},{"PrincipalSID":"MEGABANK.LOCAL-S-1-5-32-544","PrincipalType":"Group","RightName":"WriteDacl","IsInherited":false},{"PrincipalSID":"MEGABANK.LOCAL-S-1-5-32-544","PrincipalType":"Group","RightName":"WriteOwner","IsInherited":false},{"PrincipalSID":"MEGABANK.LOCAL-S-1-5-32-544","PrincipalType":"Group","RightName":"AllExtendedRights","IsInherited":false},{"PrincipalSID":"S-1-5-21-1392959593-3013219662-3596683436-512","PrincipalType":"Group","RightName":"WriteDacl","IsInherited":false},{"PrincipalSID":"S-1-5-21-1392959593-3013219662-3596683436-512","PrincipalType":"Group","RightName":"WriteOwner","IsInherited":false},{"PrincipalSID":"S-1-5-21-1392959593-3013219662-3596683436-512","PrincipalType":"Group","RightName":"AllExtendedRights","IsInherited":false},{"PrincipalSID":"S-1-5-21-1392959593-3013219662-3596683436-519","PrincipalType":"Group","RightName":"GenericAll","IsInherited":false},{"PrincipalSID":"MEGABANK.LOCAL-S-1-5-9","PrincipalType":"Group","RightName":"GetChanges","IsInherited":false},{"PrincipalSID":"MEGABANK.LOCAL-S-1-5-9","PrincipalType":"Group","RightName":"GetChangesInFilteredSet","IsInherited":false},{"PrincipalSID":"MEGABANK.LOCAL-S-1-5-32-544","PrincipalType":"Group","RightName":"GetChanges","IsInherited":false},{"PrincipalSID":"MEGABANK.LOCAL-S-1-5-32-544","PrincipalType":"Group","RightName":"GetChangesAll","IsInherited":false},{"PrincipalSID":"MEGABANK.LOCAL-S-1-5-32-544","PrincipalType":"Group","RightName":"GetChangesInFilteredSet","IsInherited":false},{"PrincipalSID":"S-1-5-21-1392959593-3013219662-3596683436-498","PrincipalType":"Group","RightName":"GetChanges","IsInherited":false},{"PrincipalSID":"S-1-5-21-1392959593-3013219662-3596683436-516","PrincipalType":"Group","RightName":"GetChangesAll","IsInherited":false}],"ObjectIdentifier":"S-1-5-21-1392959593-3013219662-3596683436","IsDeleted":false,"IsACLProtected":false}],"meta":{"methods":29675,"type":"domains","count":1,"version":5}}